cat,dog,friend,loafing,mat,sitting
0.5178561161676974,0.0,0.0,0.680918560398684,0.5178561161676974,0.0
0.0,0.5178561161676974,0.0,0.0,0.5178561161676974,0.680918560398684
0.5178561161676974,0.5178561161676974,0.680918560398684,0.0,0.0,0.0
